id,from,subject,body,attachment
E001,Amelia Grant amelia.grant@humelogistics.example,Solar and battery across our three Victorian sites,"We operate warehouses in Truganina, Dandenong and Epping. Combined electricity consumption is about 2.1 GWh per year. We are considering solar, possibly batteries and lighting upgrades. We would like an initial discussion next week. I have attached the latest Truganina bill. Please call me on 0400 111 020.",01_hume_energy_bill.txt
E002,a.grant@humelogistics.example,Website enquiry,"Company: Hume Logistic. We have three distribution sites in Melbourne and want a solar proposal. Consumption around two gigawatt hours annually. Contact Amelia. Best number 0400 111 020.",
E003,Rohan Lee rohan@greenfieldsfoods.example,Invoice 1847 does not match PO,"Hi, our accounts team says invoice 1847 is $2,640 higher than the purchase order. Can someone check before Friday please? This is for the lighting project already completed at Geelong.",03_greenfields_invoice_query.txt
E004,sales@megaleadlists.example,Buy 50,000 Australian CEO leads today,"Special price expires in 24 hours. Reply now for cryptocurrency payment instructions.",
E005,Melissa Tran melissa.tran@northbankcollege.example,Government school lighting upgrade,"I manage facilities at Northbank College. We have approximately 1,100 fluorescent fittings and want to understand whether an LED upgrade could access any government incentives. I do not have our latest electricity bill with me. Could someone tell me what you need from us?",02_northbank_site_notes.txt
E006,engineering@solarray.example,Harmonics question on proposed battery inverter,"We are reviewing the PCS specification on a 500 kW battery project. Can your engineer confirm acceptable THD limits at the point of common coupling and whether the current design requires an additional harmonic study?",
E007,priya.dev@examplemail.test,Application for marketing internship,"I saw BEDA online and would love to apply for your marketing internship. My portfolio is attached.",
E008,Daniel Wu daniel@solarainstall.example,Crew availability for Ballarat install,"We can hold a four person crew for the week beginning 14 September, but need confirmation by Tuesday. Is the Ballarat commercial solar project proceeding?",
E009,facilities@harbourcoldstores.example,Electricity cost reduction,"We run a refrigerated warehouse in Newcastle. Bills are around $80,000 a month. Interested in solar and anything else that can reduce operating cost. I am the facilities manager, Sam. Mobile 0411 999 120.",
E010,sam@harbourcoldstores.example,Re: enquiry from our website,"Just correcting my number from the web form. It is 0411 999 102, not 0411 999 120. Please use this email address going forward.",
E011,alerts@beda.example,CRM sync failed overnight,"HubSpot sync job failed at 02:14. Error: OAuth token expired. 146 records remain unsynchronised. Retry disabled after three failures.",
E012,info@smallcafe.example,Solar for cafe,"We lease a 70 square metre cafe and spend about $900 per month on electricity. Can you quote solar? Landlord has not yet agreed to roof works.",
